{
  "version": 1.0,
  "size": [16, 11],
  "start": [7, 0],
  "offscreen": 4,
  "lanes": [
    { "type": "grass" },
    {
      "type": "road",
      "speed": 100,
      "objects": [
        {
          "type": "car1",
          "position": 1
        },
        {
          "type": "car2",
          "position": 4
        },
        {
          "type": "car3",
          "position": 8.5
        },
        {
          "type": "car4",
          "position": 11.5
        },
        {
          "type": "car5",
          "position": 14
        }
      ]
    },
    {
      "type": "road",
      "speed": -100,
      "objects": [
        {
          "type": "car4",
          "position": 2
        },
        {
          "type": "car5",
          "position": 5
        },
        {
          "type": "car6",
          "position": 10
        },
        {
          "type": "car2",
          "position": 13
        },
        {
          "type": "car3",
          "position": 18
        }
      ]
    },
    {
      "type": "road",
      "speed": 150,
      "objects": [
        {
          "type": "car1",
          "position": 3
        },
        {
          "type": "car3",
          "position": 9
        },
        {
          "type": "car5",
          "position": 14.5
        }
      ]
    },
    {
      "type": "road",
      "speed": -80,
      "objects": [
        {
          "type": "car2",
          "position": 4
        },
        {
          "type": "car4",
          "position": 7
        },
        {
          "type": "car6",
          "position": 10
        }
      ]
    },
    { "type": "grass" },
    {
      "type": "water",
      "speed": 100,
      "objects": [
        {
          "type": "log3",
          "position": 1
        },
        {
          "type": "log3",
          "position": 5
        },
        {
          "type": "log3",
          "position": 11
        }
      ]
    },
    {
      "type": "water",
      "speed": -80,
      "objects": [
        {
          "type": "log2",
          "position": 1
        },
        {
          "type": "log3",
          "position": 5
        },
        {
          "type": "log4",
          "position": 13
        }
      ]
    },
    {
      "type": "water",
      "speed": 150,
      "objects": [
        {
          "type": "log3",
          "position": 1
        },
        {
          "type": "log2",
          "position": 5
        },
        {
          "type": "log3",
          "position": 11
        }
      ]
    },
    {
      "type": "water",
      "speed": -120,
      "objects": [
        {
          "type": "log4",
          "position": 1
        },
        {
          "type": "log3",
          "position": 8
        },
        {
          "type": "log4",
          "position": 13
        }
      ]
    },
    {
      "type": "hedge",
      "objects": [
        {
          "type": "exit",
          "position": 2
        },
        {
          "type": "exit",
          "position": 5
        },
        {
          "type": "exit",
          "position": 8
        },
        {
          "type": "exit",
          "position": 11
        },
        {
          "type": "exit",
          "position": 14
        }
      ]
    }
  ]
}
